"","parameter","strategy","param_val","QALYs","Cost"
"1","p_True_influ","st_Baloxavir",0.9,-0.00224668746357286,387.758673772792
"2","p_True_influ","st_Baloxavir",1,-0.00174039181749556,387.973828236436
"3","p_True_influ","st_Oseltamivir",0.9,-0.00277563390533875,369.474939177372
"4","p_True_influ","st_Oseltamivir",1,-0.00231330089552707,371.269678685969
"5","p_True_influ","st_Current",0.9,-0.00351534672495025,290.804549769265
"6","p_True_influ","st_Current",1,-0.00316987474766162,293.752579343628
"7","d_TRAE","st_Baloxavir",4.37,-0.00172542171498479,387.952312790071
"8","d_TRAE","st_Baloxavir",9.43,-0.00185662104922179,387.952312790071
"9","d_TRAE","st_Oseltamivir",4.37,-0.00224507139799578,371.09020473511
"10","d_TRAE","st_Oseltamivir",9.43,-0.0024739969950207,371.09020473511
"11","d_TRAE","st_Current",4.37,-0.00320442194539048,293.457776386192
"12","d_TRAE","st_Current",9.43,-0.00320442194539048,293.457776386192
"13","d_B","st_Baloxavir",48,-0.00170566828824448,387.952312790071
"14","d_B","st_Baloxavir",58.5,-0.00186861510379312,387.952312790071
"15","d_B","st_Oseltamivir",48,-0.00235953419650824,371.09020473511
"16","d_B","st_Oseltamivir",58.5,-0.00235953419650824,371.09020473511
"17","d_B","st_Current",48,-0.00320442194539048,293.457776386192
"18","d_B","st_Current",58.5,-0.00320442194539048,293.457776386192
"19","d_O","st_Baloxavir",50.2,-0.00179102138210329,387.952312790071
"20","d_O","st_Baloxavir",56.4,-0.00179102138210329,387.952312790071
"21","d_O","st_Oseltamivir",50.2,-0.00230368170549793,371.09020473511
"22","d_O","st_Oseltamivir",56.4,-0.00239987210668235,371.09020473511
"23","d_O","st_Current",50.2,-0.00320442194539048,293.457776386192
"24","d_O","st_Current",56.4,-0.00320442194539048,293.457776386192
"25","d_R","st_Baloxavir",72.6,-0.00179102138210329,387.952312790071
"26","d_R","st_Baloxavir",87.1,-0.00179102138210329,387.952312790071
"27","d_R","st_Oseltamivir",72.6,-0.00235953419650824,371.09020473511
"28","d_R","st_Oseltamivir",87.1,-0.00235953419650824,371.09020473511
"29","d_R","st_Current",72.6,-0.00308653637812769,293.457776386192
"30","d_R","st_Current",87.1,-0.00331144963145801,293.457776386192
"31","d_ILI","st_Baloxavir",7,-0.0017858484779937,387.952312790071
"32","d_ILI","st_Baloxavir",8.5,-0.00179693327251425,387.952312790071
"33","d_ILI","st_Oseltamivir",7,-0.00235436129239865,371.09020473511
"34","d_ILI","st_Oseltamivir",8.5,-0.0023654460869192,371.09020473511
"35","d_ILI","st_Current",7,-0.00319924904128089,293.457776386192
"36","d_ILI","st_Current",8.5,-0.00321033383580144,293.457776386192
"37","d_Com","st_Baloxavir",6.15,-0.00174266675080466,387.952312790071
"38","d_Com","st_Baloxavir",12.92,-0.00184895274232795,387.952312790071
"39","d_Com","st_Oseltamivir",6.15,-0.00232866242491372,371.09020473511
"40","d_Com","st_Oseltamivir",12.92,-0.00239652018260687,371.09020473511
"41","d_Com","st_Current",6.15,-0.00312298491426719,293.457776386192
"42","d_Com","st_Current",12.92,-0.0033019877391713,293.457776386192
"43","d_Hos","st_Baloxavir",3,-0.00178807161787688,386.524247918071
"44","d_Hos","st_Baloxavir",7,-0.00179987067478252,392.236507406071
"45","d_Hos","st_Oseltamivir",3,-0.00235441124050992,368.52352169671
"46","d_Hos","st_Oseltamivir",7,-0.00237490306450319,378.79025385031
"47","d_Hos","st_Current",3,-0.00319849774636766,290.416669111792
"48","d_Hos","st_Current",7,-0.00322219454245893,302.581098209392
"49","d_ICU","st_Baloxavir",2,-0.00179066696327722,387.300366000048
"50","d_ICU","st_Baloxavir",5,-0.00179173021975544,389.256206370119
"51","d_ICU","st_Oseltamivir",2,-0.0023586594118939,368.98778260794
"52","d_ICU","st_Oseltamivir",5,-0.00236128376573692,375.29504898945
"53","d_ICU","st_Current",2,-0.00320319902329237,290.001520329995
"54","d_ICU","st_Current",5,-0.0032068677895867,300.370288498587
"55","p_B_Hos","st_Baloxavir",0.002,-0.00176325570174105,385.76123788046
"56","p_B_Hos","st_Baloxavir",0.005,-0.00184655274282778,392.334462609293
"57","p_B_Hos","st_Oseltamivir",0.002,-0.00235953419650824,371.09020473511
"58","p_B_Hos","st_Oseltamivir",0.005,-0.00235953419650824,371.09020473511
"59","p_B_Hos","st_Current",0.002,-0.00320442194539048,293.457776386192
"60","p_B_Hos","st_Current",0.005,-0.00320442194539048,293.457776386192
"61","p_B_S","st_Baloxavir",0.002,-0.00177473574757179,387.952312790071
"62","p_B_S","st_Baloxavir",0.023,-0.00183173546843206,387.952312790071
"63","p_B_S","st_Oseltamivir",0.002,-0.00235953419650824,371.09020473511
"64","p_B_S","st_Oseltamivir",0.023,-0.00235953419650824,371.09020473511
"65","p_B_S","st_Current",0.002,-0.00320442194539048,293.457776386192
"66","p_B_S","st_Current",0.023,-0.00320442194539048,293.457776386192
"67","p_B_O","st_Baloxavir",0.001,-0.00178016429241562,387.952312790071
"68","p_B_O","st_Baloxavir",0.019,-0.00182902119601014,387.952312790071
"69","p_B_O","st_Oseltamivir",0.001,-0.00235953419650824,371.09020473511
"70","p_B_O","st_Oseltamivir",0.019,-0.00235953419650824,371.09020473511
"71","p_B_O","st_Current",0.001,-0.00320442194539048,293.457776386192
"72","p_B_O","st_Current",0.019,-0.00320442194539048,293.457776386192
"73","p_B_B","st_Baloxavir",0.011,-0.00175573584061836,387.952312790071
"74","p_B_B","st_Baloxavir",0.045,-0.00184802110296357,387.952312790071
"75","p_B_B","st_Oseltamivir",0.011,-0.00235953419650824,371.09020473511
"76","p_B_B","st_Oseltamivir",0.045,-0.00235953419650824,371.09020473511
"77","p_B_B","st_Current",0.011,-0.00320442194539048,293.457776386192
"78","p_B_B","st_Current",0.045,-0.00320442194539048,293.457776386192
"79","p_B_P","st_Baloxavir",0.001,-0.00177292623262384,387.952312790071
"80","p_B_P","st_Baloxavir",0.019,-0.00185435440528137,387.952312790071
"81","p_B_P","st_Oseltamivir",0.001,-0.00235953419650824,371.09020473511
"82","p_B_P","st_Oseltamivir",0.019,-0.00235953419650824,371.09020473511
"83","p_B_P","st_Current",0.001,-0.00320442194539048,293.457776386192
"84","p_B_P","st_Current",0.019,-0.00320442194539048,293.457776386192
"85","p_O_Suscep_Hos","st_Baloxavir",0.004,-0.00179102138210329,387.952312790071
"86","p_O_Suscep_Hos","st_Baloxavir",0.007,-0.00179102138210329,387.952312790071
"87","p_O_Suscep_Hos","st_Oseltamivir",0.004,-0.00228918499352301,367.826345180124
"88","p_O_Suscep_Hos","st_Oseltamivir",0.007,-0.00243993328563421,374.820329940808
"89","p_O_Suscep_Hos","st_Current",0.004,-0.00320442194539048,293.457776386192
"90","p_O_Suscep_Hos","st_Current",0.007,-0.00320442194539048,293.457776386192
"91","p_O_Suscep_S","st_Baloxavir",0,-0.00179102138210329,387.952312790071
"92","p_O_Suscep_S","st_Baloxavir",0.01,-0.00179102138210329,387.952312790071
"93","p_O_Suscep_S","st_Oseltamivir",0,-0.00235953419650824,371.09020473511
"94","p_O_Suscep_S","st_Oseltamivir",0.01,-0.00238667692072742,371.09020473511
"95","p_O_Suscep_S","st_Current",0,-0.00320442194539048,293.457776386192
"96","p_O_Suscep_S","st_Current",0.01,-0.00320442194539048,293.457776386192
"97","p_O_Suscep_O","st_Baloxavir",0,-0.00179102138210329,387.952312790071
"98","p_O_Suscep_O","st_Baloxavir",0.015,-0.00179102138210329,387.952312790071
"99","p_O_Suscep_O","st_Oseltamivir",0,-0.00235139137924249,371.09020473511
"100","p_O_Suscep_O","st_Oseltamivir",0.015,-0.00239210546557125,371.09020473511
"101","p_O_Suscep_O","st_Current",0,-0.00320442194539048,293.457776386192
"102","p_O_Suscep_O","st_Current",0.015,-0.00320442194539048,293.457776386192
"103","p_O_Suscep_B","st_Baloxavir",0.006,-0.00179102138210329,387.952312790071
"104","p_O_Suscep_B","st_Baloxavir",0.034,-0.00179102138210329,387.952312790071
"105","p_O_Suscep_B","st_Oseltamivir",0.006,-0.00233239147228906,371.09020473511
"106","p_O_Suscep_B","st_Oseltamivir",0.034,-0.00240839110010276,371.09020473511
"107","p_O_Suscep_B","st_Current",0.006,-0.00320442194539048,293.457776386192
"108","p_O_Suscep_B","st_Current",0.034,-0.00320442194539048,293.457776386192
"109","p_O_Suscep_P","st_Baloxavir",0,-0.00179102138210329,387.952312790071
"110","p_O_Suscep_P","st_Baloxavir",0.015,-0.00179102138210329,387.952312790071
"111","p_O_Suscep_P","st_Oseltamivir",0,-0.00235953419650824,371.09020473511
"112","p_O_Suscep_P","st_Oseltamivir",0.015,-0.00242739100705618,371.09020473511
"113","p_O_Suscep_P","st_Current",0,-0.00320442194539048,293.457776386192
"114","p_O_Suscep_P","st_Current",0.015,-0.00320442194539048,293.457776386192
"115","p_O_Res_Hos","st_Baloxavir",0.005,-0.00179102138210329,387.952312790071
"116","p_O_Res_Hos","st_Baloxavir",0.008,-0.00179102138210329,387.952312790071
"117","p_O_Res_Hos","st_Oseltamivir",0.005,-0.00235953419650824,371.09020473511
"118","p_O_Res_Hos","st_Oseltamivir",0.008,-0.00235953419650824,371.09020473511
"119","p_O_Res_Hos","st_Current",0.005,-0.00311310767236629,290.063013710186
"120","p_O_Res_Hos","st_Current",0.008,-0.00330878111456098,297.33750515877
"121","p_O_Res_S","st_Baloxavir",0.001,-0.00179102138210329,387.952312790071
"122","p_O_Res_S","st_Baloxavir",0.031,-0.00179102138210329,387.952312790071
"123","p_O_Res_S","st_Oseltamivir",0.001,-0.00235953419650824,371.09020473511
"124","p_O_Res_S","st_Oseltamivir",0.031,-0.00235953419650824,371.09020473511
"125","p_O_Res_S","st_Current",0.001,-0.00318270776601514,293.457776386192
"126","p_O_Res_S","st_Current",0.031,-0.00326413593867267,293.457776386192
"127","p_O_Res_O","st_Baloxavir",0,-0.00179102138210329,387.952312790071
"128","p_O_Res_O","st_Baloxavir",0.016,-0.00179102138210329,387.952312790071
"129","p_O_Res_O","st_Oseltamivir",0,-0.00235953419650824,371.09020473511
"130","p_O_Res_O","st_Oseltamivir",0.016,-0.00235953419650824,371.09020473511
"131","p_O_Res_O","st_Current",0,-0.00320442194539048,293.457776386192
"132","p_O_Res_O","st_Current",0.016,-0.00324785030414117,293.457776386192
"133","p_O_Res_B","st_Baloxavir",0.015,-0.00179102138210329,387.952312790071
"134","p_O_Res_B","st_Baloxavir",0.067,-0.00179102138210329,387.952312790071
"135","p_O_Res_B","st_Oseltamivir",0.015,-0.00235953419650824,371.09020473511
"136","p_O_Res_B","st_Oseltamivir",0.067,-0.00235953419650824,371.09020473511
"137","p_O_Res_B","st_Current",0.015,-0.00315013649695212,293.457776386192
"138","p_O_Res_B","st_Current",0.067,-0.00329127866289185,293.457776386192
"139","p_O_Res_P","st_Baloxavir",0,-0.00179102138210329,387.952312790071
"140","p_O_Res_P","st_Baloxavir",0.024,-0.00179102138210329,387.952312790071
"141","p_O_Res_P","st_Oseltamivir",0,-0.00235953419650824,371.09020473511
"142","p_O_Res_P","st_Oseltamivir",0.024,-0.00235953419650824,371.09020473511
"143","p_O_Res_P","st_Current",0,-0.00318632679591103,293.457776386192
"144","p_O_Res_P","st_Current",0.024,-0.00329489769278774,293.457776386192
"145","p_ICU","st_Baloxavir",0.0308,-0.00179098261539421,387.910169471697
"146","p_ICU","st_Baloxavir",0.0376,-0.00179106014881238,387.994456108446
"147","p_ICU","st_Oseltamivir",0.0308,-0.00235946686904422,371.017012998725
"148","p_ICU","st_Oseltamivir",0.0376,-0.00235960152397226,371.163396471495
"149","p_ICU","st_Current",0.0308,-0.00320434408774409,293.373137280701
"150","p_ICU","st_Current",0.0376,-0.00320449980303687,293.542415491683
"151","p_B_Hos_Death","st_Baloxavir",0.0187,-0.00175758256724098,387.743794544198
"152","p_B_Hos_Death","st_Baloxavir",0.0722,-0.00186406926933228,388.407825862901
"153","p_B_Hos_Death","st_Oseltamivir",0.0187,-0.00235953419650824,371.09020473511
"154","p_B_Hos_Death","st_Oseltamivir",0.0722,-0.00235953419650824,371.09020473511
"155","p_B_Hos_Death","st_Current",0.0187,-0.00320442194539048,293.457776386192
"156","p_B_Hos_Death","st_Current",0.0722,-0.00320442194539048,293.457776386192
"157","p_O_Hos_Death","st_Baloxavir",0.0605,-0.00179102138210329,387.952312790071
"158","p_O_Hos_Death","st_Baloxavir",0.0788,-0.00179102138210329,387.952312790071
"159","p_O_Hos_Death","st_Oseltamivir",0.0605,-0.00232765332278099,370.891367693509
"160","p_O_Hos_Death","st_Oseltamivir",0.0788,-0.00239320613055724,371.300212397025
"161","p_O_Hos_Death","st_Current",0.0605,-0.00320442194539048,293.457776386192
"162","p_O_Hos_Death","st_Current",0.0788,-0.00320442194539048,293.457776386192
"163","p_O_Res_Hos_Death","st_Baloxavir",0.0828,-0.00179102138210329,387.952312790071
"164","p_O_Res_Hos_Death","st_Baloxavir",0.1012,-0.00179102138210329,387.952312790071
"165","p_O_Res_Hos_Death","st_Oseltamivir",0.0828,-0.00235953419650824,371.09020473511
"166","p_O_Res_Hos_Death","st_Oseltamivir",0.1012,-0.00235953419650824,371.09020473511
"167","p_O_Res_Hos_Death","st_Current",0.0828,-0.00316537430772412,293.214174117998
"168","p_O_Res_Hos_Death","st_Current",0.1012,-0.00324346958305684,293.701378654386
"169","q_Hos","st_Baloxavir",0.42,-0.00178746394962768,387.952312790071
"170","q_Hos","st_Baloxavir",0.54,-0.00179173286859842,387.952312790071
"171","q_Hos","st_Oseltamivir",0.42,-0.00235186763111396,371.09020473511
"172","q_Hos","st_Oseltamivir",0.54,-0.0023610675095871,371.09020473511
"173","q_Hos","st_Current",0.42,-0.00319434322748758,293.457776386192
"174","q_Hos","st_Current",0.54,-0.00320643768897106,293.457776386192
"175","q_ICU","st_Baloxavir",0.57,-0.00179086268710654,387.952312790071
"176","q_ICU","st_Baloxavir",0.69,-0.00179105312110264,387.952312790071
"177","q_ICU","st_Oseltamivir",0.57,-0.0023591425019048,371.09020473511
"178","q_ICU","st_Oseltamivir",0.69,-0.00235961253542893,371.09020473511
"179","q_ICU","st_Current",0.57,-0.00320387436833163,293.457776386192
"180","q_ICU","st_Current",0.69,-0.00320453146080225,293.457776386192
"181","q_influ","st_Baloxavir",0.15,-0.00152452054547844,387.952312790071
"182","q_influ","st_Baloxavir",0.23,-0.00205752221872814,387.952312790071
"183","q_influ","st_Oseltamivir",0.15,-0.00208242092182827,371.09020473511
"184","q_influ","st_Oseltamivir",0.23,-0.00263664747118821,371.09020473511
"185","q_influ","st_Current",0.15,-0.00281463125507623,293.457776386192
"186","q_influ","st_Current",0.23,-0.00359421263570473,293.457776386192
"187","q_S","st_Baloxavir",0.12,-0.00179102138210329,387.952312790071
"188","q_S","st_Baloxavir",0.18,-0.00179102138210329,387.952312790071
"189","q_S","st_Oseltamivir",0.12,-0.00235953419650824,371.09020473511
"190","q_S","st_Oseltamivir",0.18,-0.00235953419650824,371.09020473511
"191","q_S","st_Current",0.12,-0.00320442194539048,293.457776386192
"192","q_S","st_Current",0.18,-0.00320442194539048,293.457776386192
"193","q_O","st_Baloxavir",0.12,-0.00176656378980521,387.952312790071
"194","q_O","st_Baloxavir",0.18,-0.00181547897440137,387.952312790071
"195","q_O","st_Oseltamivir",0.12,-0.00234276609141673,371.09020473511
"196","q_O","st_Oseltamivir",0.18,-0.00237630230159975,371.09020473511
"197","q_O","st_Current",0.12,-0.00316200749581788,293.457776386192
"198","q_O","st_Current",0.18,-0.00324683639496308,293.457776386192
"199","q_B","st_Baloxavir",0.12,-0.00179102138210329,387.952312790071
"200","q_B","st_Baloxavir",0.18,-0.00179102138210329,387.952312790071
"201","q_B","st_Oseltamivir",0.12,-0.00235953419650824,371.09020473511
"202","q_B","st_Oseltamivir",0.18,-0.00235953419650824,371.09020473511
"203","q_B","st_Current",0.12,-0.00320442194539048,293.457776386192
"204","q_B","st_Current",0.18,-0.00320442194539048,293.457776386192
"205","q_P","st_Baloxavir",0.2,-0.00178649759473343,387.952312790071
"206","q_P","st_Baloxavir",0.3,-0.00179554516947316,387.952312790071
"207","q_P","st_Oseltamivir",0.2,-0.00235779928524797,371.09020473511
"208","q_P","st_Oseltamivir",0.3,-0.00236126910776851,371.09020473511
"209","q_P","st_Current",0.2,-0.00319802705747815,293.457776386192
"210","q_P","st_Current",0.3,-0.00321081683330281,293.457776386192
"211","q_ILI","st_Baloxavir",0.22,-0.00178048398484302,387.952312790071
"212","q_ILI","st_Baloxavir",0.33,-0.00180366625881562,387.952312790071
"213","q_ILI","st_Oseltamivir",0.22,-0.00234899679924797,371.09020473511
"214","q_ILI","st_Oseltamivir",0.33,-0.00237217907322057,371.09020473511
"215","q_ILI","st_Current",0.22,-0.00319388454813021,293.457776386192
"216","q_ILI","st_Current",0.33,-0.00321706682210281,293.457776386192
"217","q_TRAE","st_Baloxavir",0.16,-0.0017552397454932,387.952312790071
"218","q_TRAE","st_Baloxavir",0.24,-0.00182680301871338,387.952312790071
"219","q_TRAE","st_Oseltamivir",0.16,-0.00229709994277417,371.09020473511
"220","q_TRAE","st_Oseltamivir",0.24,-0.00242196845024231,371.09020473511
"221","q_TRAE","st_Current",0.16,-0.00320442194539048,293.457776386192
"222","q_TRAE","st_Current",0.24,-0.00320442194539048,293.457776386192
"223","c_Outpatient","st_Baloxavir",102.7,-0.00179102138210329,295.652312790071
"224","c_Outpatient","st_Baloxavir",287.3,-0.00179102138210329,480.252312790071
"225","c_Outpatient","st_Oseltamivir",102.7,-0.00235953419650824,278.79020473511
"226","c_Outpatient","st_Oseltamivir",287.3,-0.00235953419650824,463.39020473511
"227","c_Outpatient","st_Current",102.7,-0.00320442194539048,201.157776386192
"228","c_Outpatient","st_Current",287.3,-0.00320442194539048,385.757776386192
"229","c_Test","st_Baloxavir",52,-0.00179102138210329,381.452312790071
"230","c_Test","st_Baloxavir",65,-0.00179102138210329,394.452312790071
"231","c_Test","st_Oseltamivir",52,-0.00235953419650824,364.59020473511
"232","c_Test","st_Oseltamivir",65,-0.00235953419650824,377.59020473511
"233","c_Test","st_Current",52,-0.00320442194539048,286.957776386192
"234","c_Test","st_Current",65,-0.00320442194539048,299.957776386192
"235","c_B","st_Baloxavir",117,-0.00179102138210329,381.452312790071
"236","c_B","st_Baloxavir",130,-0.00179102138210329,394.452312790071
"237","c_B","st_Oseltamivir",117,-0.00235953419650824,371.09020473511
"238","c_B","st_Oseltamivir",130,-0.00235953419650824,371.09020473511
"239","c_B","st_Current",117,-0.00320442194539048,293.457776386192
"240","c_B","st_Current",130,-0.00320442194539048,293.457776386192
"241","c_O","st_Baloxavir",65,-0.00179102138210329,387.952312790071
"242","c_O","st_Baloxavir",117,-0.00179102138210329,387.952312790071
"243","c_O","st_Oseltamivir",65,-0.00235953419650824,345.09020473511
"244","c_O","st_Oseltamivir",117,-0.00235953419650824,397.09020473511
"245","c_O","st_Current",65,-0.00320442194539048,293.457776386192
"246","c_O","st_Current",117,-0.00320442194539048,293.457776386192
"247","c_Baseline","st_Baloxavir",1.3,-0.00179102138210329,387.952312790071
"248","c_Baseline","st_Baloxavir",2.6,-0.00179102138210329,387.952312790071
"249","c_Baseline","st_Oseltamivir",1.3,-0.00235953419650824,371.09020473511
"250","c_Baseline","st_Oseltamivir",2.6,-0.00235953419650824,371.09020473511
"251","c_Baseline","st_Current",1.3,-0.00320442194539048,292.807776386192
"252","c_Baseline","st_Current",2.6,-0.00320442194539048,294.107776386192
"253","c_Inpatient","st_Baloxavir",530.4,-0.00179102138210329,386.153018306071
"254","c_Inpatient","st_Baloxavir",795.6,-0.00179102138210329,389.751607274071
"255","c_Inpatient","st_Oseltamivir",530.4,-0.00235953419650824,367.03361706439
"256","c_Inpatient","st_Oseltamivir",795.6,-0.00235953419650824,375.14679240583
"257","c_Inpatient","st_Current",530.4,-0.00320442194539048,287.929974742672
"258","c_Inpatient","st_Current",795.6,-0.00320442194539048,298.985578029712
"259","c_ICU","st_Baloxavir",1596.4,-0.00179102138210329,387.561144716057
"260","c_ICU","st_Baloxavir",2394.6,-0.00179102138210329,388.343480864086
"261","c_ICU","st_Oseltamivir",1596.4,-0.00235953419650824,369.828751458808
"262","c_ICU","st_Oseltamivir",2394.6,-0.00235953419650824,372.351658011412
"263","c_ICU","st_Current",1596.4,-0.00320442194539048,291.384022752474
"264","c_ICU","st_Current",2394.6,-0.00320442194539048,295.53153001991
"265","p_HR","st_Baloxavir",0.2684,-0.00178707986096311,387.896064695016
"266","p_HR","st_Baloxavir",0.2862,-0.00179505248326939,388.009839250923
"267","p_HR","st_Oseltamivir",0.2684,-0.00234767018397094,370.801741512927
"268","p_HR","st_Oseltamivir",0.2862,-0.00237166784569412,371.385223939615
"269","p_HR","st_Current",0.2684,-0.0031838415771605,292.935527521388
"270","p_HR","st_Current",0.2862,-0.00322547004926205,293.991894543378
"271","d_HR_B","st_Baloxavir",67.2,-0.00175531432047322,387.952312790071
"272","d_HR_B","st_Baloxavir",85.1,-0.0018618403876696,387.952312790071
"273","d_HR_B","st_Oseltamivir",67.2,-0.00235953419650824,371.09020473511
"274","d_HR_B","st_Oseltamivir",85.1,-0.00235953419650824,371.09020473511
"275","d_HR_B","st_Current",67.2,-0.00320442194539048,293.457776386192
"276","d_HR_B","st_Current",85.1,-0.00320442194539048,293.457776386192
"277","d_HR_O","st_Baloxavir",69.4,-0.00179102138210329,387.952312790071
"278","d_HR_O","st_Baloxavir",91.5,-0.00179102138210329,387.952312790071
"279","d_HR_O","st_Oseltamivir",69.4,-0.00229056380358709,371.09020473511
"280","d_HR_O","st_Oseltamivir",91.5,-0.00242196429354893,371.09020473511
"281","d_HR_O","st_Current",69.4,-0.00320442194539048,293.457776386192
"282","d_HR_O","st_Current",91.5,-0.00320442194539048,293.457776386192
"283","d_HR_R","st_Baloxavir",92.7,-0.00179102138210329,387.952312790071
"284","d_HR_R","st_Baloxavir",113.1,-0.00179102138210329,387.952312790071
"285","d_HR_R","st_Oseltamivir",92.7,-0.00235953419650824,371.09020473511
"286","d_HR_R","st_Oseltamivir",113.1,-0.00235953419650824,371.09020473511
"287","d_HR_R","st_Current",92.7,-0.0031474128831788,293.457776386192
"288","d_HR_R","st_Current",113.1,-0.00326855714037862,293.457776386192
"289","p_HR_B_Hos","st_Baloxavir",0.001,-0.00175375623075508,384.853354571843
"290","p_HR_B_Hos","st_Baloxavir",0.006,-0.0018254199833478,390.812889606897
"291","p_HR_B_Hos","st_Oseltamivir",0.001,-0.00235953419650824,371.09020473511
"292","p_HR_B_Hos","st_Oseltamivir",0.006,-0.00235953419650824,371.09020473511
"293","p_HR_B_Hos","st_Current",0.001,-0.00320442194539048,293.457776386192
"294","p_HR_B_Hos","st_Current",0.006,-0.00320442194539048,293.457776386192
"295","p_HR_B_S","st_Baloxavir",0,-0.0017878985418348,387.952312790071
"296","p_HR_B_S","st_Baloxavir",0.014,-0.0018024717964211,387.952312790071
"297","p_HR_B_S","st_Oseltamivir",0,-0.00235953419650824,371.09020473511
"298","p_HR_B_S","st_Oseltamivir",0.014,-0.00235953419650824,371.09020473511
"299","p_HR_B_S","st_Current",0,-0.00320442194539048,293.457776386192
"300","p_HR_B_S","st_Current",0.014,-0.00320442194539048,293.457776386192
"301","p_HR_B_O","st_Baloxavir",0,-0.00179102138210329,387.952312790071
"302","p_HR_B_O","st_Baloxavir",0.009,-0.00180038990290877,387.952312790071
"303","p_HR_B_O","st_Oseltamivir",0,-0.00235953419650824,371.09020473511
"304","p_HR_B_O","st_Oseltamivir",0.009,-0.00235953419650824,371.09020473511
"305","p_HR_B_O","st_Current",0,-0.00320442194539048,293.457776386192
"306","p_HR_B_O","st_Current",0.009,-0.00320442194539048,293.457776386192
"307","p_HR_B_B","st_Baloxavir",0.007,-0.00177957096778548,387.952312790071
"308","p_HR_B_B","st_Baloxavir",0.037,-0.00181079937047042,387.952312790071
"309","p_HR_B_B","st_Oseltamivir",0.007,-0.00235953419650824,371.09020473511
"310","p_HR_B_B","st_Oseltamivir",0.037,-0.00235953419650824,371.09020473511
"311","p_HR_B_B","st_Current",0.007,-0.00320442194539048,293.457776386192
"312","p_HR_B_B","st_Current",0.037,-0.00320442194539048,293.457776386192
"313","p_HR_B_P","st_Baloxavir",0,-0.00179102138210329,387.952312790071
"314","p_HR_B_P","st_Baloxavir",0.009,-0.00180663558344576,387.952312790071
"315","p_HR_B_P","st_Oseltamivir",0,-0.00235953419650824,371.09020473511
"316","p_HR_B_P","st_Oseltamivir",0.009,-0.00235953419650824,371.09020473511
"317","p_HR_B_P","st_Current",0,-0.00320442194539048,293.457776386192
"318","p_HR_B_P","st_Current",0.009,-0.00320442194539048,293.457776386192
"319","p_HR_O_Suscep_Hos","st_Baloxavir",0.008,-0.00179102138210329,387.952312790071
"320","p_HR_O_Suscep_Hos","st_Baloxavir",0.015,-0.00179102138210329,387.952312790071
"321","p_HR_O_Suscep_Hos","st_Oseltamivir",0.008,-0.00227772841590576,367.295802190597
"322","p_HR_O_Suscep_Hos","st_Oseltamivir",0.015,-0.00246860857064487,376.149408127793
"323","p_HR_O_Suscep_Hos","st_Current",0.008,-0.00320442194539048,293.457776386192
"324","p_HR_O_Suscep_Hos","st_Current",0.015,-0.00320442194539048,293.457776386192
"325","p_HR_O_Suscep_S","st_Baloxavir",0.001,-0.00179102138210329,387.952312790071
"326","p_HR_O_Suscep_S","st_Baloxavir",0.018,-0.00179102138210329,387.952312790071
"327","p_HR_O_Suscep_S","st_Oseltamivir",0.001,-0.00235537040948358,371.09020473511
"328","p_HR_O_Suscep_S","st_Oseltamivir",0.018,-0.00237306650433838,371.09020473511
"329","p_HR_O_Suscep_S","st_Current",0.001,-0.00320442194539048,293.457776386192
"330","p_HR_O_Suscep_S","st_Current",0.018,-0.00320442194539048,293.457776386192
"331","p_HR_O_Suscep_O","st_Baloxavir",0,-0.00179102138210329,387.952312790071
"332","p_HR_O_Suscep_O","st_Baloxavir",0.014,-0.00179102138210329,387.952312790071
"333","p_HR_O_Suscep_O","st_Oseltamivir",0,-0.00235641135623975,371.09020473511
"334","p_HR_O_Suscep_O","st_Oseltamivir",0.014,-0.00237098461082605,371.09020473511
"335","p_HR_O_Suscep_O","st_Current",0,-0.00320442194539048,293.457776386192
"336","p_HR_O_Suscep_O","st_Current",0.014,-0.00320442194539048,293.457776386192
"337","p_HR_O_Suscep_B","st_Baloxavir",0.011,-0.00179102138210329,387.952312790071
"338","p_HR_O_Suscep_B","st_Baloxavir",0.043,-0.00179102138210329,387.952312790071
"339","p_HR_O_Suscep_B","st_Oseltamivir",0.011,-0.00234704283543427,371.09020473511
"340","p_HR_O_Suscep_B","st_Oseltamivir",0.043,-0.00238035313163153,371.09020473511
"341","p_HR_O_Suscep_B","st_Current",0.011,-0.00320442194539048,293.457776386192
"342","p_HR_O_Suscep_B","st_Current",0.043,-0.00320442194539048,293.457776386192
"343","p_HR_O_Suscep_P","st_Baloxavir",0.001,-0.00179102138210329,387.952312790071
"344","p_HR_O_Suscep_P","st_Baloxavir",0.018,-0.00179102138210329,387.952312790071
"345","p_HR_O_Suscep_P","st_Oseltamivir",0.001,-0.00235259455146714,371.09020473511
"346","p_HR_O_Suscep_P","st_Oseltamivir",0.018,-0.0023820880428918,371.09020473511
"347","p_HR_O_Suscep_P","st_Current",0.001,-0.00320442194539048,293.457776386192
"348","p_HR_O_Suscep_P","st_Current",0.018,-0.00320442194539048,293.457776386192
"349","p_HR_O_Res_Hos","st_Baloxavir",0.012,-0.00179102138210329,387.952312790071
"350","p_HR_O_Res_Hos","st_Baloxavir",0.023,-0.00179102138210329,387.952312790071
"351","p_HR_O_Res_Hos","st_Oseltamivir",0.012,-0.00235953419650824,371.09020473511
"352","p_HR_O_Res_Hos","st_Oseltamivir",0.023,-0.00235953419650824,371.09020473511
"353","p_HR_O_Res_Hos","st_Current",0.012,-0.00302117307619742,286.869353309757
"354","p_HR_O_Res_Hos","st_Current",0.023,-0.00342432058842216,301.363884077914
"355","p_HR_O_Res_S","st_Baloxavir",0.009,-0.00179102138210329,387.952312790071
"356","p_HR_O_Res_S","st_Baloxavir",0.04,-0.00179102138210329,387.952312790071
"357","p_HR_O_Res_S","st_Oseltamivir",0.009,-0.00235953419650824,371.09020473511
"358","p_HR_O_Res_S","st_Oseltamivir",0.04,-0.00235953419650824,371.09020473511
"359","p_HR_O_Res_S","st_Current",0.009,-0.00319193058431651,293.457776386192
"360","p_HR_O_Res_S","st_Current",0.04,-0.0032241999337576,293.457776386192
"361","p_HR_O_Res_O","st_Baloxavir",0.002,-0.00179102138210329,387.952312790071
"362","p_HR_O_Res_O","st_Baloxavir",0.023,-0.00179102138210329,387.952312790071
"363","p_HR_O_Res_O","st_Oseltamivir",0.002,-0.00235953419650824,371.09020473511
"364","p_HR_O_Res_O","st_Oseltamivir",0.023,-0.00235953419650824,371.09020473511
"365","p_HR_O_Res_O","st_Current",0.002,-0.00319817626485349,293.457776386192
"366","p_HR_O_Res_O","st_Current",0.023,-0.00322003614673295,293.457776386192
"367","p_HR_O_Res_B","st_Baloxavir",0.038,-0.00179102138210329,387.952312790071
"368","p_HR_O_Res_B","st_Baloxavir",0.088,-0.00179102138210329,387.952312790071
"369","p_HR_O_Res_B","st_Oseltamivir",0.038,-0.00235953419650824,371.09020473511
"370","p_HR_O_Res_B","st_Oseltamivir",0.088,-0.00235953419650824,371.09020473511
"371","p_HR_O_Res_B","st_Current",0.038,-0.00318152111675486,293.457776386192
"372","p_HR_O_Res_B","st_Current",0.088,-0.00323356845456308,293.457776386192
"373","p_HR_O_Res_P","st_Baloxavir",0.002,-0.00179102138210329,387.952312790071
"374","p_HR_O_Res_P","st_Baloxavir",0.023,-0.00179102138210329,387.952312790071
"375","p_HR_O_Res_P","st_Oseltamivir",0.002,-0.00235953419650824,371.09020473511
"376","p_HR_O_Res_P","st_Oseltamivir",0.023,-0.00235953419650824,371.09020473511
"377","p_HR_O_Res_P","st_Current",0.002,-0.00319401247782884,293.457776386192
"378","p_HR_O_Res_P","st_Current",0.023,-0.00323044561429459,293.457776386192
"379","p_HR_ICU","st_Baloxavir",0.117,-0.00179095405120402,387.879117319224
"380","p_HR_ICU","st_Baloxavir",0.143,-0.00179108871300257,388.025508260919
"381","p_HR_ICU","st_Oseltamivir",0.117,-0.00235933948463187,370.878533308998
"382","p_HR_ICU","st_Oseltamivir",0.143,-0.00235972890838461,371.301876161222
"383","p_HR_ICU","st_Current",0.117,-0.00320413338439359,293.14408151113
"384","p_HR_ICU","st_Current",0.143,-0.00320471050638737,293.771471261254
"385","p_HR_B_Hos_Death","st_Baloxavir",0.0257,-0.00177064788932371,387.837569308339
"386","p_HR_B_Hos_Death","st_Baloxavir",0.099,-0.00183761546872924,388.214730618248
"387","p_HR_B_Hos_Death","st_Oseltamivir",0.0257,-0.00235953419650824,371.09020473511
"388","p_HR_B_Hos_Death","st_Oseltamivir",0.099,-0.00235953419650824,371.09020473511
"389","p_HR_B_Hos_Death","st_Current",0.0257,-0.00320442194539048,293.457776386192
"390","p_HR_B_Hos_Death","st_Current",0.099,-0.00320442194539048,293.457776386192
"391","p_HR_O_Hos_Death","st_Baloxavir",0.0952,-0.00179102138210329,387.952312790071
"392","p_HR_O_Hos_Death","st_Baloxavir",0.1265,-0.00179102138210329,387.952312790071
"393","p_HR_O_Hos_Death","st_Oseltamivir",0.0952,-0.00234892911277809,371.030460371178
"394","p_HR_O_Hos_Death","st_Oseltamivir",0.1265,-0.00243628151297646,371.52256526356
"395","p_HR_O_Hos_Death","st_Current",0.0952,-0.00320442194539048,293.457776386192
"396","p_HR_O_Hos_Death","st_Current",0.1265,-0.00320442194539048,293.457776386192
"397","p_HR_O_Res_Hos_Death","st_Baloxavir",0.1224,-0.00179102138210329,387.952312790071
"398","p_HR_O_Res_Hos_Death","st_Baloxavir",0.1496,-0.00179102138210329,387.952312790071
"399","p_HR_O_Res_Hos_Death","st_Oseltamivir",0.1224,-0.00235953419650824,371.09020473511
"400","p_HR_O_Res_Hos_Death","st_Oseltamivir",0.1496,-0.00235953419650824,371.09020473511
"401","p_HR_O_Res_Hos_Death","st_Current",0.1224,-0.0031457745228015,293.127324306266
"402","p_HR_O_Res_Hos_Death","st_Current",0.1496,-0.00326306936797946,293.788228466118
"403","d_HR_Hos","st_Baloxavir",3,-0.00178834154531627,386.638627617271
"404","d_HR_Hos","st_Baloxavir",7,-0.00179370121889032,389.265997962871
"405","d_HR_Hos","st_Oseltamivir",3,-0.00235178447008545,367.08372225511
"406","d_HR_Hos","st_Oseltamivir",7,-0.00236728392293103,375.09668721511
"407","d_HR_Hos","st_Current",3,-0.00319293693058895,287.267944738192
"408","d_HR_Hos","st_Current",7,-0.00321590696019202,299.647608034192
